{
  "xmin": -12.283320426940918,
  "xmax": 20.387155532836914,
  "ymin": -16.759279251098633,
  "ymax": 18.856367111206055,
  "grid_size": 256,
  "image_size": 1024
}